{
  "...": "...",
  "consignmentDeliveries": [
    {
      "id": 901,
      "docNo": "CD-2510-001",
      "type": "CONSIGNMENT_DELIVERY",
      "date": "2025-10-01",
      "shopId": 301,
      "lines": [
        { "productId": 101, "qty": 5 },
        { "productId": 108, "qty": 4 }
      ],
      "totals": { "net": 0, "com": 0 }
    },
    {
      "id": 902,
      "docNo": "CD-2510-002",
      "type": "CONSIGNMENT_DELIVERY",
      "date": "2025-10-04",
      "shopId": 302,
      "lines": [
        { "productId": 103, "qty": 3 },
        { "productId": 104, "qty": 6 }
      ],
      "totals": { "net": 0, "com": 0 }
    }
  ],
  "consignmentSales": [
    {
      "id": 951,
      "docNo": "CS-2510-001",
      "type": "CONSIGNMENT_SALES",
      "date": "2025-10-05",
      "shopId": 301,
      "lines": [
        { "productId": 101, "qty": 2 },
        { "productId": 108, "qty": 1 }
      ],
      "totals": { "net": 1200, "com": 400 },
      "status": "POSTED"
    },
    {
      "id": 952,
      "docNo": "CS-2510-002",
      "type": "CONSIGNMENT_SALES",
      "date": "2025-10-07",
      "shopId": 302,
      "lines": [
        { "productId": 103, "qty": 1 },
        { "productId": 104, "qty": 2 }
      ],
      "totals": { "net": 950, "com": 250 },
      "status": "POSTED"
    }
  ],

  "invoices": [
    { "id": 10001, "docNo": "INV-2510-001", "date": "2025-10-06",
      "shopId": 301, "branchId": null,
      "source": { "type": "CONSIGNMENT_SALES", "refId": 951 },
      "bodyType": "B3_GROUP_BY_CATEGORY",
      "lines": [
        { "productId": 101, "name": "เสื้อยืด สีแดง M", "qty": 2, "unitPrice": 199, "amount": 398, "commissionPct": 30, "commissionAmount": 119.4 },
        { "productId": 108, "name": "หมวก Chalin",     "qty": 1, "unitPrice": 129, "amount": 129, "commissionPct": 30, "commissionAmount": 38.7 }
      ],
      "totals": { "gross": 527, "commission": 158.1, "net": 368.9 },
      "status": "ISSUED"
    }
  ],
  "receipts": [
    { "id": 11001, "docNo": "RC-2510-001", "date": "2025-10-07",
      "shopId": 301, "branchId": null,
      "source": { "type": "INVOICE", "refId": 10001 },
      "lines": [
        { "desc": "ชำระตามใบวางบิล INV-2510-001", "amount": 368.9 }
      ],
      "totals": { "amount": 368.9 },
      "status": "PAID"
    }
  ],

  "quotes": [
    { "id": 1101, "docNo": "Q-2510-120", "status": "SENT", "date": "2025-10-10", "expireDate": "2025-10-24",
      "prospectId": 1001, "mode": "consignment", "commissionPct": 30, "wholesaleDiscountPct": 0, "note": "",
      "lines": [ { "productId": 101, "priceOffer": 199, "qty": 5 }, { "productId": 108, "priceOffer": 129, "qty": 3 } ],
      "totals": { "gross": 1282, "commission": 384.6, "net": 897.4 }
    }
  ]
}

